2012_FDES_CR_02apr12co,RRV001
2012_FDES_CR_02apr12ms2,RRV002
2012_FDES_CR_03apr12ae,RRV003
2012_FDES_CR_09apr12ab,RRV004
2012_FDES_CR_09apr12hr,RRV005
2012_FDES_CR_09apr12kz,RRV006
2012_FDES_CR_10apr12ks,RRV007
2012_FDES_CR_10apr12mb,RRV008
2012_FDES_CR_11apr12jk,RRV009
2012_FDES_CR_11apr12lh,RRV010
2012_FDES_CR_12apr12mc,RRV011
2012_FDES_CR_17apr12jw,RRV012
2012_FDES_CR_17apr12sb,RRV013
2012_FDES_CR_24apr12ak,RRV014
2012_FDES_CR_25apr12km,RRV015
2012_FDES_CR_26apr12dm,RRV016
2012_FDES_CR_26apr12ma,RRV017
2012_FDES_CR_26mar12eb,RRV018
2012_FDES_CR_26mar12mb,RRV019
2012_FDES_CR_26mar12sm,RRV020
2012_FDES_CR_26mar12st,RRV021
2012_FDES_CR_27mar12ks,RRV022
2012_FDES_CR_27mar12rg,RRV023
2012_FDES_CR_28mar12ah,RRV024
2012_FDES_CR_28mar12kw,RRV025
2012_FDES_CR_29mar12cw,RRV026
2012_FDES_CR_29mar12kf,RRV027
2012_FDES_CR_29mar12kl,RRV028
2012_FDES_CR_30mar12ar,RRV029
2012_FDES_CR_30mar12pe,RRV030
2012_FDES_CR_30mar12rg,RRV031
2013_CUEMT_01oct13ms,RRV032
2013_CUEMT_04nov13cl,RRV033
2013_CUEMT_06nov13ed,RRV034
2013_CUEMT_06nov13mb,RRV035
2013_CUEMT_07nov13kj,RRV036
2013_CUEMT_07oct13hb,RRV037
2013_CUEMT_07oct13mm,RRV038
2013_CUEMT_10oct13rs,RRV039
2013_CUEMT_14oct13dg,RRV040
2013_CUEMT_15nov13ah,RRV041
2013_CUEMT_15nov13pn,RRV042
2013_CUEMT_17oct13ad,RRV043
2013_CUEMT_17oct13cc,RRV044
2013_CUEMT_18nov13ab,RRV045
2013_CUEMT_19nov13ap,RRV046
2013_CUEMT_21oct13ac,RRV047
2013_CUEMT_21oct13or,RRV048
2013_CUEMT_23oct13ab,RRV049
2013_CUEMT_23oct13mg,RRV050
2013_CUEMT_24oct13ak,RRV051
2013_CUEMT_28oct13go,RRV052
2013_CUEMT_28oct13kb,RRV053
2013_CUEMT_30sep13jn,RRV054
2014_DCLUST_01apr14ap,RRV055
2014_DCLUST_01apr14ap2,RRV056
2014_DCLUST_01apr14bm,RRV057
2014_DCLUST_01apr14hw,RRV058
2014_DCLUST_01apr14or,RRV059
2014_DCLUST_01may13yl,RRV060
2014_DCLUST_02apr13cv,RRV061
2014_DCLUST_02apr13eh,RRV062
2014_DCLUST_02may13lp,RRV063
2014_DCLUST_03apr13sh,RRV064
2014_DCLUST_04may13rw,RRV065
2014_DCLUST_05mar13amk,RRV066
2014_DCLUST_05oct13cs,RRV067
2014_DCLUST_05oct13jl,RRV068
2014_DCLUST_05oct13qh,RRV069
2014_DCLUST_07apr14al,RRV070
2014_DCLUST_07mar13sv,RRV071
2014_DCLUST_07oct13ad,RRV072
2014_DCLUST_08apr14at,RRV073
2014_DCLUST_09oct13ag,RRV074
2014_DCLUST_09oct13lh,RRV075
2014_DCLUST_11apr13ch,RRV076
2014_DCLUST_11apr13os,RRV077
2014_DCLUST_12oct13ea,RRV078
2014_DCLUST_14apr14jt,RRV079
2014_DCLUST_15apr14em,RRV080
2014_DCLUST_15apr14ks,RRV081
2014_DCLUST_16apr13sp,RRV082
2014_DCLUST_17apr13jr,RRV083
2014_DCLUST_17apr13kw,RRV084
2014_DCLUST_17apr13sj,RRV085
2014_DCLUST_18apr13kb,RRV086
2014_DCLUST_19apr13jp,RRV087
2014_DCLUST_19apr13pa,RRV088
2014_DCLUST_19apr14ad,RRV089
2014_DCLUST_19apr14du,RRV090
2014_DCLUST_20jul13dy,RRV091
2014_DCLUST_21apr14kf,RRV092
2014_DCLUST_22apr14ef,RRV093
2014_DCLUST_23apr13em,RRV094
2014_DCLUST_23apr14cp,RRV095
2014_DCLUST_24apr13sh,RRV096
2014_DCLUST_25apr13ag,RRV097
2014_DCLUST_25apr13jc,RRV098
2014_DCLUST_25feb13cp,RRV099
2014_DCLUST_25feb13eb,RRV100
2014_DCLUST_25feb13mb,RRV101
2014_DCLUST_25oct13eb,RRV102
2014_DCLUST_25oct13wl,RRV103
2014_DCLUST_26apr14jl2,RRV104
2014_DCLUST_26feb13hs02,RRV105
2014_DCLUST_26feb13lh,RRV106
2014_DCLUST_26mar13ew,RRV107
2014_DCLUST_26mar13nr,RRV108
2014_DCLUST_27apr14fg,RRV109
2014_DCLUST_27apr14jl,RRV110
2014_DCLUST_27feb13nm,RRV111
2014_DCLUST_27mar13km,RRV112
2014_DCLUST_27oct13cm,RRV113
2014_DCLUST_28apr13jz,RRV114
2014_DCLUST_28feb13bm,RRV115
2014_DCLUST_28feb13jr,RRV116
2014_DCLUST_28feb13nk,RRV117
2014_DCLUST_28feb13ow,RRV118
2014_DCLUST_28mar13cm,RRV119
2014_DCLUST_29apr13cz,RRV120
2014_DCLUST_29apr13kw,RRV121
2014_DCLUST_30apr13rn,RRV122
2014_DCLUST_31mar14mj,RRV123
2015_IPRO_01may15fz,RRV124
2015_IPRO_02apr15at,RRV125
2015_IPRO_02jun15ky,RRV126
2015_IPRO_02jun15sm,RRV127
2015_IPRO_02mar15aj,RRV128
2015_IPRO_03apr15al,RRV129
2015_IPRO_03apr15eb,RRV130
2015_IPRO_03apr15eh,RRV131
2015_IPRO_03apr15jf,RRV132
2015_IPRO_06apr15lt,RRV133
2015_IPRO_06apr15sh,RRV134
2015_IPRO_06mar15zs,RRV135
2015_IPRO_07apr15as,RRV136
2015_IPRO_07apr15as2,RRV137
2015_IPRO_07apr15cn,RRV138
2015_IPRO_07apr15es,RRV139
2015_IPRO_07apr15me,RRV140
2015_IPRO_07apr15mm,RRV141
2015_IPRO_07may15ha,RRV142
2015_IPRO_08mar15cf,RRV143
2015_IPRO_09apr15aw,RRV144
2015_IPRO_13apr15kp,RRV145
2015_IPRO_14apr15rg,RRV146
2015_IPRO_15apr15jy,RRV147
2015_IPRO_15apr15mp,RRV148
2015_IPRO_16apr15js,RRV149
2015_IPRO_16feb15rn,RRV150
2015_IPRO_16feb15sf,RRV151
2015_IPRO_16feb15zb,RRV152
2015_IPRO_18feb15aa,RRV153
2015_IPRO_18feb15ap,RRV154
2015_IPRO_18feb15kl,RRV155
2015_IPRO_20feb15ac,RRV156
2015_IPRO_20feb15as,RRV157
2015_IPRO_20feb15pw,RRV158
2015_IPRO_20feb15rw,RRV159
2015_IPRO_23feb15bf,RRV160
2015_IPRO_23feb15eb,RRV161
2015_IPRO_23feb15jk,RRV162
2015_IPRO_25feb15kx,RRV163
2015_IPRO_25feb15nh,RRV164
2015_IPRO_25feb15sl,RRV165
2015_IPRO_27feb15bh,RRV166
2015_IPRO_27feb15ea,RRV167
2015_IPRO_27feb15mc,RRV168
2015_IPRO_28apr15jr,RRV169
2015_IPRO_28apr15js,RRV170
2015_IPRO_29apr15ma,RRV171
2015_IPRO_30apr15kh,RRV172
2015_SENSE_CR_05oct15jk,RRV173
2015_SENSE_CR_06oct15rm,RRV174
2015_SENSE_CR_07oct15dg,RRV175
2015_SENSE_CR_07oct15kg,RRV176
2015_SENSE_CR_07oct15ms,RRV177
2015_SENSE_CR_08oct15ac,RRV178
2015_SENSE_CR_08oct15ea,RRV179
2015_SENSE_CR_09oct15dg,RRV180
2015_SENSE_CR_10oct15bm,RRV181
2015_SENSE_CR_10oct15ec,RRV182
2015_SENSE_CR_10oct15md,RRV183
2015_SENSE_CR_10oct15mt,RRV184
2015_SENSE_CR_11oct15dr,RRV185
2015_SENSE_CR_11oct15rc,RRV186
2015_SENSE_CR_18sep15mb,RRV187
2015_SENSE_CR_18sep15ts,RRV188
2015_SENSE_CR_19sep15jc,RRV189
2015_SENSE_CR_19sep15lx,RRV190
2015_SENSE_CR_19sep15nk,RRV191
2015_SENSE_CR_20sep15ed,RRV192
2015_SENSE_CR_20sep15sb,RRV193
2015_SENSE_CR_21sep15ch,RRV194
2015_SENSE_CR_21sep15js,RRV195
2015_SENSE_CR_22sep15cr,RRV196
2015_SENSE_CR_22sep15ss,RRV197
2015_SENSE_CR_23sep15jm,RRV198
2015_SENSE_CR_24sep15cm,RRV199
2015_SENSE_CR_24sep15ds,RRV200
2015_SENSE_CR_26sep15ad,RRV201
2015_SENSE_CR_26sep15be,RRV202
2015_SENSE_CR_26sep15mk,RRV203
2015_SENSE_CR_28sep15bl,RRV204
2015_SENSE_CR_28sep15rg,RRV205
2016_SENSE_CR_09jan16bl,RRV206
2016_SENSE_CR_09jan16dc,RRV207
2016_SENSE_CR_09jan16sk,RRV208
2016_SENSE_CR_10jan16hh,RRV209
2016_SENSE_CR_10jan16hn,RRV210
2016_SENSE_CR_10jan16km,RRV211
2016_SENSE_CR_11jan16lb,RRV212
2016_SENSE_CR_11jan16ts,RRV213
2016_SENSE_CR_12jan16lc,RRV214
2016_SENSE_CR_12jan16mo,RRV215
2016_SENSE_CR_13jan16al,RRV216
2016_SENSE_CR_13jan16cr,RRV217
2016_SENSE_CR_13jan16lg,RRV218
2016_SENSE_CR_13jan16sz,RRV219
2016_SENSE_CR_14jan16ol,RRV220
2016_SENSE_CR_15jan16sc,RRV221
2016_SENSE_CR_16jan16jc,RRV222
2016_SENSE_CR_16jan16kc,RRV223
2016_SENSE_CR_16jan16sb,RRV224
2016_SENSE_CR_17jan16jr,RRV225
2016_SENSE_CR_17jan16po,RRV226
2016_SENSE_CR_18jan16kc,RRV227
2016_SENSE_CR_19jan16av,RRV228
2016_SENSE_CR_19jan16lu,RRV229
2016_SENSE_CR_20jan16ef,RRV230
2016_SENSE_CR_20jan16sg,RRV231
2016_SENSE_CR_21jan16co,RRV232
2016_SENSE_CR_21jan16cw,RRV233
2016_SENSE_CR_22jan16co,RRV234
2016_SENSE_CR_22jan16jl,RRV235
2016_SENSE_SP_CR_02apr16zb,RRV236
2016_SENSE_SP_CR_03apr16cf,RRV237
2016_SENSE_SP_CR_03apr16dl,RRV238
2016_SENSE_SP_CR_03apr16sg,RRV239
2016_SENSE_SP_CR_06apr16ac,RRV240
2016_SENSE_SP_CR_06apr16ai,RRV241
2016_SENSE_SP_CR_06apr16cs,RRV242
2016_SENSE_SP_CR_06apr16tn,RRV243
2016_SENSE_SP_CR_07apr16ek,RRV244
2016_SENSE_SP_CR_07apr16md,RRV245
2016_SENSE_SP_CR_07apr16tl,RRV246
2016_SENSE_SP_CR_08apr16as,RRV247
2016_SENSE_SP_CR_08apr16lk,RRV248
2016_SENSE_SP_CR_08apr16mv,RRV249
2016_SENSE_SP_CR_08apr16yz,RRV250
2016_SENSE_SP_CR_09apr16bc,RRV251
2016_SENSE_SP_CR_09apr16pr,RRV252
2016_SENSE_SP_CR_09apr16vr,RRV253
2016_SENSE_SP_CR_10apr16as,RRV254
2016_SENSE_SP_CR_10apr16dp,RRV255
2016_SENSE_SP_CR_10apr16kr,RRV256
2016_SENSE_SP_CR_12apr16cg,RRV257
2016_SENSE_SP_CR_12apr16wc,RRV258
2016_SENSE_SP_CR_13apr16it,RRV259
2016_SENSE_SP_CR_13apr16nm,RRV260
2016_SENSE_SP_CR_15apr16ar,RRV261
2016_SENSE_SP_CR_15apr16gj,RRV262
2016_SENSE_SP_CR_15apr16lg,RRV263
2016_SENSE_SP_CR_20apr16cr,RRV264
2016_SENSE_SP_CR_21apr16mc,RRV265
2016_SENSE_SP_CR_21apr16yy,RRV266
2016_SENSE_SP_CR_22apr16ac,RRV267
2016_SENSE_SP_CR_24apr16cm,RRV268
2016_SENSE_SP_CR_29mar16hd,RRV269
2016_SENSE_SP_CR_29mar16lb,RRV270
2016_SENSE_SP_CR_29mar16ls,RRV271
2016_SENSE_SP_CR_30mar16ds,RRV272
