01may15fz,RRV001
02apr15at,RRV002
02jun15ky,RRV003
02jun15sm,RRV004
02mar15aj,RRV005
03apr15al,RRV006
03apr15eb,RRV007
03apr15eh,RRV008
03apr15jf,RRV009
06apr15lt,RRV010
06apr15sh,RRV011
06mar15zs,RRV012
07apr15as,RRV013
07apr15as2,RRV014
07apr15cn,RRV015
07apr15es,RRV016
07apr15me,RRV017
07apr15mm,RRV018
07may15ha,RRV019
08mar15cf,RRV020
09apr15aw,RRV021
13apr15kp,RRV022
14apr15rg,RRV023
15apr15jy,RRV024
15apr15mp,RRV025
16apr15js,RRV026
16feb15rn,RRV027
16feb15sf,RRV028
16feb15zb,RRV029
18feb15aa,RRV030
18feb15ap,RRV031
18feb15kl,RRV032
20feb15ac,RRV033
20feb15as,RRV034
20feb15pw,RRV035
20feb15rw,RRV036
23feb15bf,RRV037
23feb15eb,RRV038
23feb15jk,RRV039
25feb15kx,RRV040
25feb15nh,RRV041
25feb15sl,RRV042
27feb15bh,RRV043
27feb15ea,RRV044
27feb15mc,RRV045
28apr15jr,RRV046
28apr15js,RRV047
29apr15ma,RRV048
30apr15kh,RRV049